image_name,detection_status,confidence,property_type,price,area,bhk,location,ocr_text,capture_date,latitude,longitude
image_001.png,Advertisement detected,0.2282,UNKNOWN,22 LAKH,1000 sq.ft,Not detected,Vizianagaram,"(orou
Unly
New Look Flat
5 Years
Old
Location
Ayyannapeta
Highway Road;
Vizionagaram
PRIce
22LAKHS:
1000 Srf
East Facing
Bike Parking
Available
Suntable for
Re10y
Locaticn
Mantaled
Fatl Liinc
t0 Moie
KK INFRA &
REAL
consultasts
VIZIANAGARAM
Naar",,,
image_002.png,Advertisement detected,0.2558,FOR SALE,47 LAKH,Not detected,Not detected,Nelamangala,"HOUSE FOR SALE
Price
47 lakh
HOME FEATURES
BEDROOMS
MINI GARDEN
2 BATHROOMS
KITCHEN
NELAMANGALA
CALL US NOW
9663773943",,,
image_003.png,Advertisement detected,0.2947,FOR RENT,Not detected,Not detected,3 BHK,Puppalaguda,"To-LET BOARD'$
RENT =
KcBing
ALL
3BHK
PUPPALAGUDA
MANIKONDA
CALL: 9701145029
7",,,
image_004.png,Advertisement detected,0.1224,FOR RENT,₹3,Not detected,3 BHK,Karelibaug,"For rent
3BHK semi furnished duplex
Only @< 14000
Location: - karelibaug
For more inquiry: - 9228188881
(Piyush patel)",,,
image_005.png,Advertisement detected,0.1668,FOR SALE,75 LAKH,Not detected,Not detected,Not detected,"Old 6+1 independent House
For Sale
ATFLAT PRICE
RS.75LAKH'S",,,
image_006.png,Advertisement detected,0.1965,UNKNOWN,Not detected,Not detected,Not detected,Not detected,00200842002,,,
image_007.png,Advertisement detected,0.1671,UNKNOWN,Not detected,Not detected,2 BHK,Maruthi Nagar,"9019586989
Vijayawada
Maruthi Nagar
2Bhk
Ad No
41",,,
image_008.png,Advertisement detected,0.4927,UNKNOWN,Not detected,Not detected,Not detected,Mumtlret Eagesrnnns BEdrdoMs bathroOVS KITCHENS Ful,"Lame Hal
A Cowallioned
Cr Pamnu
144urajuolf
WcnuetndMnhant
Ienltop
Heme
Grici
EEtT
Aeat
Mumtlret
Eagesrnnns
BEdrdoMs
bathroOVS
KITCHENS
Fully Fuanished
Seatt
Mannenntt
Haaeu
Tnano~",,,
image_009.png,Advertisement detected,0.1442,UNKNOWN,Not detected,Not detected,Not detected,Not detected,"KRSSE
ECIEER",,,
image_010.png,Advertisement detected,0.2546,FOR RENT,Not detected,Not detected,2 BHK,Loyola school for,"2BHK INDEPENDENT
HOUSE FOR RENT
near Loyola school for rent for familie
Call :98471.90252",,,
image_011.png,Advertisement detected,0.1829,UNKNOWN,Not detected,Not detected,Not detected,Not detected,,,,
image_012.png,Advertisement detected,0.2088,UNKNOWN,Not detected,Not detected,1 BHK,Mookandapalli,"1Bhk&2Bhk
HousepForRent
Mookandapalli; Hosur",,,
image_013.png,Advertisement detected,0.1983,FOR RENT,Not detected,Not detected,Not detected,RK beach,"Beach Side flats Rent
at RK beach",,,
image_014.png,Advertisement detected,0.1413,UNKNOWN,Not detected,Not detected,Not detected,Not detected,Col 9849185663,,,
