image_name,capture_date,latitude,longitude
image_001.png,2026-09-19,18.2949,83.8938
image_002.png,2026-09-18,18.2955,83.8942
image_003.png,2026-09-17,17.4319,78.4075
image_004.png,2026-09-15,22.3072,73.1812
image_005.png,2026-09-14,18.5204,73.8567
image_006.png,2026-09-12,16.5062,80.6480
image_007.png,2026-09-10,16.2927,80.4375
image_008.png,2026-09-05,17.3850,78.4867
image_009.png,2026-08-30,13.0827,80.2707
image_010.png,2026-08-25,12.9716,77.5946
image_011.png,2026-08-20,17.6868,83.2185
image_012.png,2026-08-15,11.0168,76.9558
image_013.png,2026-08-10,16.5062,80.6480
image_014.png,2026-07-25,15.9129,79.7400
new_house.png,2026-09-23,17.4100,78.4200